{"displayFieldName":"","fieldAliases":{"FID":"FID","OBJECTID":"OBJECTID","NAME":"NAME","SEEHOEHE":"SEEHOEHE","URL_INTERN":"URL_INTERN","URL_EXTERN":"URL_EXTERN","POI_TYP":"POI_TYP","LAND":"LAND","BILDUNG":"BILDUNG","JARPRO15":"JARPRO15"},"geometryType":"esriGeometryPoint","spatialReference":{"wkid":31254,"latestWkid":31254},"fields":[{"name":"FID","type":"esriFieldTypeOID","alias":"FID"},{"name":"OBJECTID","type":"esriFieldTypeInteger","alias":"OBJECTID"},{"name":"NAME","type":"esriFieldTypeString","alias":"NAME","length":250},{"name":"SEEHOEHE","type":"esriFieldTypeSmallInteger","alias":"SEEHOEHE"},{"name":"URL_INTERN","type":"esriFieldTypeString","alias":"URL_INTERN","length":250},{"name":"URL_EXTERN","type":"esriFieldTypeString","alias":"URL_EXTERN","length":250},{"name":"POI_TYP","type":"esriFieldTypeSmallInteger","alias":"POI_TYP"},{"name":"LAND","type":"esriFieldTypeString","alias":"LAND","length":15},{"name":"BILDUNG","type":"esriFieldTypeSmallInteger","alias":"BILDUNG"},{"name":"JARPRO15","type":"esriFieldTypeSmallInteger","alias":"JARPRO15"}],"features":[{"attributes":{"FID":0,"OBJECTID":1,"NAME":"Wasserfall","SEEHOEHE":0,"URL_INTERN":" ","URL_EXTERN":" ","POI_TYP":33,"LAND":"Tirol","BILDUNG":0,"JARPRO15":1},"geometry":{"x":162856.56340000033,"y":223294.3758000005}},{"attributes":{"FID":1,"OBJECTID":22,"NAME":"Alpe Stalle","SEEHOEHE":1714,"URL_INTERN":" ","URL_EXTERN":" ","POI_TYP":27,"LAND":"Tirol","BILDUNG":0,"JARPRO15":1},"geometry":{"x":149558.94820000045,"y":198009.57530000061}},{"attributes":{"FID":2,"OBJECTID":25,"NAME":"Wasserfall","SEEHOEHE":0,"URL_INTERN":" ","URL_EXTERN":" ","POI_TYP":33,"LAND":"Tirol","BILDUNG":0,"JARPRO15":1},"geometry":{"x":146690.39879999962,"y":199544.03329999931}},{"attributes":{"FID":3,"OBJECTID":30,"NAME":"Mühle","SEEHOEHE":0,"URL_INTERN":" ","URL_EXTERN":" ","POI_TYP":36,"LAND":"Tirol","BILDUNG":0,"JARPRO15":1},"geometry":{"x":163508.23170000035,"y":208927.30670000054}},{"attributes":{"FID":4,"OBJECTID":34,"NAME":"Museum Oberbichl","SEEHOEHE":0,"URL_INTERN":" ","URL_EXTERN":" ","POI_TYP":31,"LAND":"Tirol","BILDUNG":0,"JARPRO15":1},"geometry":{"x":154213.0418999996,"y":211097.14220000058}},{"attributes":{"FID":5,"OBJECTID":42,"NAME":"Aussichtsplattform Lesach Kalserbach","SEEHOEHE":0,"URL_INTERN":" ","URL_EXTERN":" ","POI_TYP":37,"LAND":"Tirol","BILDUNG":0,"JARPRO15":1},"geometry":{"x":175157.68300000019,"y":207780.68359999917}},{"attributes":{"FID":6,"OBJECTID":43,"NAME":"Natur und Kultur Nussdorfer Berg","SEEHOEHE":0,"URL_INTERN":" ","URL_EXTERN":" ","POI_TYP":29,"LAND":"Tirol","BILDUNG":0,"JARPRO15":1},"geometry":{"x":186076.83550000004,"y":192777.95170000009}},{"attributes":{"FID":7,"OBJECTID":54,"NAME":"Badener Hütte","SEEHOEHE":2608,"URL_INTERN":"http://www.alpenvereinshuetten.at","URL_EXTERN":" ","POI_TYP":26,"LAND":"Tirol","BILDUNG":0,"JARPRO15":1},"geometry":{"x":158911.14740000013,"y":217919.27899999917}},{"attributes":{"FID":8,"OBJECTID":57,"NAME":"Gotschaunalm","SEEHOEHE":1943,"URL_INTERN":" ","URL_EXTERN":" ","POI_TYP":27,"LAND":"Tirol","BILDUNG":0,"JARPRO15":1},"geometry":{"x":160152.39410000015,"y":211074.10449999943}},{"attributes":{"FID":9,"OBJECTID":78,"NAME":"Parkplatz Kalser Bergbahnen","SEEHOEHE":1370,"URL_INTERN":" ","URL_EXTERN":" ","POI_TYP":21,"LAND":"Tirol","BILDUNG":0,"JARPRO15":0},"geometry":{"x":175370.94189999998,"y":210125.17569999956}},{"attributes":{"FID":10,"OBJECTID":83,"NAME":"Innere Steineralm","SEEHOEHE":1770,"URL_INTERN":" ","URL_EXTERN":" ","POI_TYP":27,"LAND":"Tirol","BILDUNG":0,"JARPRO15":1},"geometry":{"x":166941.55360000022,"y":213911.4486999996}},{"attributes":{"FID":11,"OBJECTID":87,"NAME":"Parkplatz Lucknerhaus 1","SEEHOEHE":1918,"URL_INTERN":" ","URL_EXTERN":" ","POI_TYP":21,"LAND":"Tirol","BILDUNG":0,"JARPRO15":0},"geometry":{"x":179055.15000000037,"y":211801.84469999932}},{"attributes":{"FID":12,"OBJECTID":91,"NAME":"Essener-Rostocker Hütte","SEEHOEHE":2207,"URL_INTERN":"http://www.alpenvereinshuetten.at","URL_EXTERN":" ","POI_TYP":26,"LAND":"Tirol","BILDUNG":0,"JARPRO15":1},"geometry":{"x":149288.94579999987,"y":214753.43909999914}},{"attributes":{"FID":13,"OBJECTID":100,"NAME":"Blumenweg Oberseite","SEEHOEHE":9999,"URL_INTERN":"http://www.hohetauern.at/index.php?option=com_content&task=view&id=217&Itemid=188&lang=de","URL_EXTERN":" ","POI_TYP":12,"LAND":"Tirol","BILDUNG":0,"JARPRO15":1},"geometry":{"x":148580.94600000046,"y":200470.73980000056}},{"attributes":{"FID":14,"OBJECTID":123,"NAME":"Parkplatz Oberhaus","SEEHOEHE":1768,"URL_INTERN":" ","URL_EXTERN":" ","POI_TYP":21,"LAND":"Tirol","BILDUNG":0,"JARPRO15":1},"geometry":{"x":143705.80260000005,"y":202243.57579999976}},{"attributes":{"FID":15,"OBJECTID":129,"NAME":"Taxi Kalser Tauernhaus","SEEHOEHE":9999,"URL_INTERN":" ","URL_EXTERN":" ","POI_TYP":22,"LAND":"Tirol","BILDUNG":0,"JARPRO15":1},"geometry":{"x":175233.0828999998,"y":211826.38790000044}},{"attributes":{"FID":16,"OBJECTID":138,"NAME":"Clarahütte","SEEHOEHE":2036,"URL_INTERN":"http://www.alpenvereinshuetten.at","URL_EXTERN":" ","POI_TYP":26,"LAND":"Tirol","BILDUNG":0,"JARPRO15":1},"geometry":{"x":145438.19159999955,"y":210323.50789999962}},{"attributes":{"FID":17,"OBJECTID":151,"NAME":"Lasörlinghütte","SEEHOEHE":2296,"URL_INTERN":"http://www.alpenvereinshuetten.at","URL_EXTERN":" ","POI_TYP":26,"LAND":"Tirol","BILDUNG":0,"JARPRO15":1},"geometry":{"x":155571.13090000022,"y":204025.12989999913}},{"attributes":{"FID":18,"OBJECTID":152,"NAME":"Eisseehütte","SEEHOEHE":2521,"URL_INTERN":"http://www.alpenvereinshuetten.at","URL_EXTERN":" ","POI_TYP":26,"LAND":"Tirol","BILDUNG":0,"JARPRO15":1},"geometry":{"x":155439.4523,"y":214985.28749999963}},{"attributes":{"FID":19,"OBJECTID":153,"NAME":"Leppetalalm","SEEHOEHE":1930,"URL_INTERN":" ","URL_EXTERN":" ","POI_TYP":27,"LAND":"Tirol","BILDUNG":0,"JARPRO15":1},"geometry":{"x":156700.16530000046,"y":198108.06980000064}},{"attributes":{"FID":20,"OBJECTID":167,"NAME":"Adlerlounge","SEEHOEHE":2405,"URL_INTERN":" ","URL_EXTERN":" ","POI_TYP":26,"LAND":"Tirol","BILDUNG":0,"JARPRO15":1},"geometry":{"x":172113.8853000002,"y":208490.12790000066}},{"attributes":{"FID":21,"OBJECTID":168,"NAME":"Gondelbahn Figollift","SEEHOEHE":0,"URL_INTERN":" ","URL_EXTERN":" ","POI_TYP":24,"LAND":"Tirol","BILDUNG":0,"JARPRO15":1},"geometry":{"x":175282.20629999973,"y":210410.45160000026}},{"attributes":{"FID":22,"OBJECTID":173,"NAME":"Parkplatz Melcher","SEEHOEHE":0,"URL_INTERN":" ","URL_EXTERN":" ","POI_TYP":21,"LAND":"Tirol","BILDUNG":0,"JARPRO15":0},"geometry":{"x":175493.59910000023,"y":199657.90719999932}},{"attributes":{"FID":23,"OBJECTID":179,"NAME":"Gosser Alm","SEEHOEHE":1846,"URL_INTERN":" ","URL_EXTERN":" ","POI_TYP":27,"LAND":"Tirol","BILDUNG":0,"JARPRO15":1},"geometry":{"x":161609.22970000003,"y":215193.54399999976}},{"attributes":{"FID":24,"OBJECTID":180,"NAME":"Stuhleralm (unbew.)","SEEHOEHE":2300,"URL_INTERN":" ","URL_EXTERN":" ","POI_TYP":27,"LAND":"Tirol","BILDUNG":0,"JARPRO15":1},"geometry":{"x":158384.00810000021,"y":213159.75970000029}},{"attributes":{"FID":25,"OBJECTID":198,"NAME":"Europa Panoramaweg","SEEHOEHE":0,"URL_INTERN":" ","URL_EXTERN":" ","POI_TYP":29,"LAND":"Tirol","BILDUNG":0,"JARPRO15":0},"geometry":{"x":172551.98379999958,"y":210372.01290000044}},{"attributes":{"FID":26,"OBJECTID":227,"NAME":"Wasserfall","SEEHOEHE":0,"URL_INTERN":" ","URL_EXTERN":" ","POI_TYP":33,"LAND":"Tirol","BILDUNG":0,"JARPRO15":1},"geometry":{"x":186026.68149999995,"y":199382.83170000091}},{"attributes":{"FID":27,"OBJECTID":244,"NAME":"Wasserfall","SEEHOEHE":0,"URL_INTERN":" ","URL_EXTERN":" ","POI_TYP":33,"LAND":"Tirol","BILDUNG":0,"JARPRO15":1},"geometry":{"x":173660.75069999974,"y":217440.71729999967}},{"attributes":{"FID":28,"OBJECTID":247,"NAME":"Museum Nationalparkhaus Matrei","SEEHOEHE":0,"URL_INTERN":" ","URL_EXTERN":" ","POI_TYP":31,"LAND":"Tirol","BILDUNG":0,"JARPRO15":1},"geometry":{"x":167916.74990000017,"y":209189.45610000007}},{"attributes":{"FID":29,"OBJECTID":604,"NAME":"Aussichtspunkt Gerhard Liebl","SEEHOEHE":0,"URL_INTERN":" ","URL_EXTERN":" ","POI_TYP":37,"LAND":"Tirol","BILDUNG":0,"JARPRO15":1},"geometry":{"x":174281.21659999993,"y":213373.15159999952}},{"attributes":{"FID":30,"OBJECTID":606,"NAME":"Gondelbahn Kals 2","SEEHOEHE":0,"URL_INTERN":" ","URL_EXTERN":" ","POI_TYP":24,"LAND":"Tirol","BILDUNG":0,"JARPRO15":1},"geometry":{"x":173483.5159,"y":209143.26149999909}},{"attributes":{"FID":31,"OBJECTID":6,"NAME":"Mountainbikeroute Kerer Alm","SEEHOEHE":0,"URL_INTERN":" ","URL_EXTERN":" ","POI_TYP":32,"LAND":"Tirol","BILDUNG":0,"JARPRO15":1},"geometry":{"x":174318.52209999971,"y":210413.45920000039}},{"attributes":{"FID":32,"OBJECTID":11,"NAME":"Mountainbikeroute Bodenalm","SEEHOEHE":0,"URL_INTERN":" ","URL_EXTERN":" ","POI_TYP":32,"LAND":"Tirol","BILDUNG":0,"JARPRO15":1},"geometry":{"x":156486.55659999978,"y":211541.77019999921}},{"attributes":{"FID":33,"OBJECTID":13,"NAME":"Mautstraße Bodenalm","SEEHOEHE":0,"URL_INTERN":" ","URL_EXTERN":" ","POI_TYP":23,"LAND":"Tirol","BILDUNG":0,"JARPRO15":1},"geometry":{"x":156741.6222000001,"y":210921.65980000049}},{"attributes":{"FID":34,"OBJECTID":28,"NAME":"Wasserfall","SEEHOEHE":0,"URL_INTERN":" ","URL_EXTERN":" ","POI_TYP":33,"LAND":"Tirol","BILDUNG":0,"JARPRO15":1},"geometry":{"x":143539.08330000006,"y":202954.93099999987}},{"attributes":{"FID":35,"OBJECTID":29,"NAME":"Mountainbike Staller Sattel","SEEHOEHE":0,"URL_INTERN":" ","URL_EXTERN":" ","POI_TYP":32,"LAND":"Tirol","BILDUNG":0,"JARPRO15":1},"geometry":{"x":142908.35610000044,"y":196293.76830000058}},{"attributes":{"FID":36,"OBJECTID":44,"NAME":"Vogelwelt","SEEHOEHE":0,"URL_INTERN":" ","URL_EXTERN":" ","POI_TYP":29,"LAND":"Tirol","BILDUNG":0,"JARPRO15":0},"geometry":{"x":184540.40539999958,"y":193097.53619999997}},{"attributes":{"FID":37,"OBJECTID":47,"NAME":"Parkplatz Lesach","SEEHOEHE":0,"URL_INTERN":" ","URL_EXTERN":" ","POI_TYP":21,"LAND":"Tirol","BILDUNG":0,"JARPRO15":0},"geometry":{"x":175554.67030000035,"y":207305.64629999921}},{"attributes":{"FID":38,"OBJECTID":59,"NAME":"Wetterkreuzhütte","SEEHOEHE":2106,"URL_INTERN":"http://www.alpenvereinshuetten.at","URL_EXTERN":" ","POI_TYP":27,"LAND":"Tirol","BILDUNG":0,"JARPRO15":1},"geometry":{"x":161777.39979999978,"y":206538.15870000049}},{"attributes":{"FID":39,"OBJECTID":76,"NAME":"Moaalm","SEEHOEHE":1793,"URL_INTERN":" ","URL_EXTERN":" ","POI_TYP":26,"LAND":"Tirol","BILDUNG":0,"JARPRO15":1},"geometry":{"x":174476.84630000032,"y":212929.81919999979}},{"attributes":{"FID":40,"OBJECTID":77,"NAME":"Parkplatz Spöttling-Taurer","SEEHOEHE":1500,"URL_INTERN":" ","URL_EXTERN":" ","POI_TYP":21,"LAND":"Tirol","BILDUNG":0,"JARPRO15":0},"geometry":{"x":174896.85690000001,"y":212180.39320000075}},{"attributes":{"FID":41,"OBJECTID":113,"NAME":"NP-Infostelle Kals","SEEHOEHE":1324,"URL_INTERN":"http://www.hohetauern.at/index.php?option=com_content&task=view&id=279&Itemid=175&lang=de","URL_EXTERN":" ","POI_TYP":11,"LAND":"Tirol","BILDUNG":0,"JARPRO15":1},"geometry":{"x":175830.01140000019,"y":209510.89100000076}},{"attributes":{"FID":42,"OBJECTID":116,"NAME":"TVB Infobüro Hopfgarten","SEEHOEHE":1107,"URL_INTERN":" ","URL_EXTERN":" ","POI_TYP":40,"LAND":"Tirol","BILDUNG":0,"JARPRO15":1},"geometry":{"x":166613.3984000003,"y":200321.06939999945}},{"attributes":{"FID":43,"OBJECTID":120,"NAME":"Parkplatz Hinterbichl","SEEHOEHE":1330,"URL_INTERN":" ","URL_EXTERN":" ","POI_TYP":21,"LAND":"Tirol","BILDUNG":0,"JARPRO15":0},"geometry":{"x":152575.68439999968,"y":210742.5008000005}},{"attributes":{"FID":44,"OBJECTID":121,"NAME":"Parkplatz Seichenbrunn im Debanttal","SEEHOEHE":1668,"URL_INTERN":" ","URL_EXTERN":" ","POI_TYP":21,"LAND":"Tirol","BILDUNG":0,"JARPRO15":1},"geometry":{"x":186101.78760000039,"y":200241.12989999913}},{"attributes":{"FID":45,"OBJECTID":128,"NAME":"Taxi Innergschlöß","SEEHOEHE":1511,"URL_INTERN":" ","URL_EXTERN":" ","POI_TYP":22,"LAND":"Tirol","BILDUNG":0,"JARPRO15":1},"geometry":{"x":163975.66089999955,"y":222443.51209999993}},{"attributes":{"FID":46,"OBJECTID":134,"NAME":"Barmer Hütte","SEEHOEHE":2591,"URL_INTERN":"http://www.alpenvereinshuetten.at","URL_EXTERN":" ","POI_TYP":26,"LAND":"Tirol","BILDUNG":0,"JARPRO15":1},"geometry":{"x":139846.49849999975,"y":199198.85639999993}},{"attributes":{"FID":47,"OBJECTID":144,"NAME":"Vordere Trojeralm","SEEHOEHE":1818,"URL_INTERN":" ","URL_EXTERN":" ","POI_TYP":27,"LAND":"Tirol","BILDUNG":0,"JARPRO15":1},"geometry":{"x":151263.39199999999,"y":202853.23020000011}},{"attributes":{"FID":48,"OBJECTID":147,"NAME":"Stabanthütte","SEEHOEHE":1800,"URL_INTERN":" ","URL_EXTERN":" ","POI_TYP":26,"LAND":"Tirol","BILDUNG":0,"JARPRO15":1},"geometry":{"x":152565.27520000003,"y":211446.46429999918}},{"attributes":{"FID":49,"OBJECTID":155,"NAME":"Bodenalm","SEEHOEHE":1948,"URL_INTERN":"http://www.alpenvereinshuetten.at","URL_EXTERN":" ","POI_TYP":27,"LAND":"Tirol","BILDUNG":0,"JARPRO15":1},"geometry":{"x":156188.05580000021,"y":211915.19180000015}},{"attributes":{"FID":50,"OBJECTID":157,"NAME":"Merschenalm","SEEHOEHE":2248,"URL_INTERN":" ","URL_EXTERN":" ","POI_TYP":27,"LAND":"Tirol","BILDUNG":0,"JARPRO15":1},"geometry":{"x":158111.47350000031,"y":204098.80849999934}},{"attributes":{"FID":51,"OBJECTID":189,"NAME":"Parkplatz Brunnalm","SEEHOEHE":0,"URL_INTERN":" ","URL_EXTERN":" ","POI_TYP":21,"LAND":"Tirol","BILDUNG":0,"JARPRO15":0},"geometry":{"x":153711.01790000033,"y":198902.41679999977}},{"attributes":{"FID":52,"OBJECTID":207,"NAME":"Mautstraße","SEEHOEHE":0,"URL_INTERN":" ","URL_EXTERN":" ","POI_TYP":23,"LAND":"Tirol","BILDUNG":0,"JARPRO15":0},"geometry":{"x":179569.67690000031,"y":187729.18879999965}},{"attributes":{"FID":53,"OBJECTID":209,"NAME":"Parkplatz Gondelbahn Zettersfeld","SEEHOEHE":0,"URL_INTERN":" ","URL_EXTERN":" ","POI_TYP":21,"LAND":"Tirol","BILDUNG":0,"JARPRO15":0},"geometry":{"x":186259.97640000004,"y":192055.83220000006}},{"attributes":{"FID":54,"OBJECTID":217,"NAME":"Sessellift Steinermandl","SEEHOEHE":0,"URL_INTERN":" ","URL_EXTERN":" ","POI_TYP":24,"LAND":"Tirol","BILDUNG":0,"JARPRO15":1},"geometry":{"x":187302.30399999954,"y":194960.64360000007}},{"attributes":{"FID":55,"OBJECTID":218,"NAME":"Steinermandl- Panorama","SEEHOEHE":0,"URL_INTERN":" ","URL_EXTERN":" ","POI_TYP":27,"LAND":"Tirol","BILDUNG":0,"JARPRO15":1},"geometry":{"x":187204.58110000007,"y":195798.31379999965}},{"attributes":{"FID":56,"OBJECTID":222,"NAME":"Naturfreundehütte","SEEHOEHE":1809,"URL_INTERN":" ","URL_EXTERN":" ","POI_TYP":26,"LAND":"Tirol","BILDUNG":0,"JARPRO15":1},"geometry":{"x":188802.9868999999,"y":194805.09889999963}},{"attributes":{"FID":57,"OBJECTID":235,"NAME":"Gölbnerblickhütte","SEEHOEHE":1824,"URL_INTERN":" ","URL_EXTERN":" ","POI_TYP":26,"LAND":"Tirol","BILDUNG":0,"JARPRO15":1},"geometry":{"x":167946.53920000046,"y":189643.76400000043}},{"attributes":{"FID":58,"OBJECTID":378,"NAME":"Geographischer Mittelpunkt Osttirols","SEEHOEHE":0,"URL_INTERN":" ","URL_EXTERN":" ","POI_TYP":13,"LAND":"Tirol","BILDUNG":0,"JARPRO15":1},"geometry":{"x":167379.00370000023,"y":198462.8032000009}},{"attributes":{"FID":59,"OBJECTID":379,"NAME":"Aussichtsplattform Hohe Drage","SEEHOEHE":0,"URL_INTERN":" ","URL_EXTERN":" ","POI_TYP":37,"LAND":"Tirol","BILDUNG":0,"JARPRO15":1},"geometry":{"x":167625.88229999971,"y":199035.33909999952}},{"attributes":{"FID":60,"OBJECTID":588,"NAME":"Felsenkapelle","SEEHOEHE":0,"URL_INTERN":" ","URL_EXTERN":" ","POI_TYP":13,"LAND":"Tirol","BILDUNG":0,"JARPRO15":1},"geometry":{"x":161544.49660000019,"y":223028.65149999969}},{"attributes":{"FID":61,"OBJECTID":599,"NAME":"Parkplatz Hochschoberhütte","SEEHOEHE":0,"URL_INTERN":" ","URL_EXTERN":" ","POI_TYP":21,"LAND":"Tirol","BILDUNG":0,"JARPRO15":1},"geometry":{"x":177591.63109999988,"y":200012.12270000018}},{"attributes":{"FID":62,"OBJECTID":605,"NAME":"Aussichtskanzel Stotzbachfall","SEEHOEHE":0,"URL_INTERN":" ","URL_EXTERN":" ","POI_TYP":37,"LAND":"Tirol","BILDUNG":0,"JARPRO15":1},"geometry":{"x":173755.87530000042,"y":217474.53130000085}},{"attributes":{"FID":63,"OBJECTID":607,"NAME":"Gondelbahn Kals 1","SEEHOEHE":0,"URL_INTERN":" ","URL_EXTERN":" ","POI_TYP":24,"LAND":"Tirol","BILDUNG":0,"JARPRO15":1},"geometry":{"x":175455.24770000018,"y":210013.96059999987}},{"attributes":{"FID":64,"OBJECTID":14,"NAME":"Parkplatz Bichl","SEEHOEHE":0,"URL_INTERN":" ","URL_EXTERN":" ","POI_TYP":21,"LAND":"Tirol","BILDUNG":0,"JARPRO15":1},"geometry":{"x":154246.6911000004,"y":210941.41489999928}},{"attributes":{"FID":65,"OBJECTID":20,"NAME":"Tögisch","SEEHOEHE":1653,"URL_INTERN":" ","URL_EXTERN":" ","POI_TYP":27,"LAND":"Tirol","BILDUNG":0,"JARPRO15":1},"geometry":{"x":153848.09360000025,"y":199984.62570000067}},{"attributes":{"FID":66,"OBJECTID":21,"NAME":"Wasserfall","SEEHOEHE":0,"URL_INTERN":" ","URL_EXTERN":" ","POI_TYP":33,"LAND":"Tirol","BILDUNG":0,"JARPRO15":1},"geometry":{"x":155962.86230000015,"y":199801.91180000082}},{"attributes":{"FID":67,"OBJECTID":26,"NAME":"Erlsbach","SEEHOEHE":0,"URL_INTERN":" ","URL_EXTERN":" ","POI_TYP":27,"LAND":"Tirol","BILDUNG":0,"JARPRO15":1},"geometry":{"x":146845.58750000037,"y":199321.11830000021}},{"attributes":{"FID":68,"OBJECTID":31,"NAME":"Mühle","SEEHOEHE":0,"URL_INTERN":" ","URL_EXTERN":" ","POI_TYP":36,"LAND":"Tirol","BILDUNG":0,"JARPRO15":1},"geometry":{"x":168932.60479999986,"y":206802.17380000092}},{"attributes":{"FID":69,"OBJECTID":66,"NAME":"Glanzalm","SEEHOEHE":1975,"URL_INTERN":" ","URL_EXTERN":" ","POI_TYP":27,"LAND":"Tirol","BILDUNG":0,"JARPRO15":1},"geometry":{"x":168151.66139999963,"y":202350.7993999999}},{"attributes":{"FID":70,"OBJECTID":70,"NAME":"Parkplatz Faschingalm","SEEHOEHE":1660,"URL_INTERN":" ","URL_EXTERN":" ","POI_TYP":21,"LAND":"Tirol","BILDUNG":0,"JARPRO15":1},"geometry":{"x":189003.80929999985,"y":194046.85410000011}},{"attributes":{"FID":71,"OBJECTID":84,"NAME":"Sudetendeutsche Hütte","SEEHOEHE":2650,"URL_INTERN":"http://www.alpenvereinshuetten.at","URL_EXTERN":" ","POI_TYP":26,"LAND":"Tirol","BILDUNG":0,"JARPRO15":1},"geometry":{"x":170452.46559999976,"y":214702.85940000042}},{"attributes":{"FID":72,"OBJECTID":86,"NAME":"Parkplatz Lucknerhaus 2","SEEHOEHE":1918,"URL_INTERN":" ","URL_EXTERN":" ","POI_TYP":21,"LAND":"Tirol","BILDUNG":0,"JARPRO15":1},"geometry":{"x":179141.68310000002,"y":211919.22039999999}},{"attributes":{"FID":73,"OBJECTID":88,"NAME":"Lucknerhütte","SEEHOEHE":2241,"URL_INTERN":"http://www.alpenvereinshuetten.at","URL_EXTERN":" ","POI_TYP":26,"LAND":"Tirol","BILDUNG":0,"JARPRO15":1},"geometry":{"x":179165.27809999976,"y":213873.30949999951}},{"attributes":{"FID":74,"OBJECTID":90,"NAME":"Glorer Hütte","SEEHOEHE":2642,"URL_INTERN":"http://www.alpenvereinshuetten.at","URL_EXTERN":" ","POI_TYP":26,"LAND":"Tirol","BILDUNG":0,"JARPRO15":1},"geometry":{"x":181095.73220000044,"y":212969.63269999996}},{"attributes":{"FID":75,"OBJECTID":95,"NAME":"Lehrweg Berge Denken","SEEHOEHE":9999,"URL_INTERN":"http://www.hohetauern.at/index.php?option=com_content&task=view&id=231&Itemid=188&lang=de","URL_EXTERN":" ","POI_TYP":12,"LAND":"Tirol","BILDUNG":0,"JARPRO15":1},"geometry":{"x":179111.38129999954,"y":212374.4693}},{"attributes":{"FID":76,"OBJECTID":108,"NAME":"Parkplatz zur Bodenalm","SEEHOEHE":9999,"URL_INTERN":" ","URL_EXTERN":" ","POI_TYP":21,"LAND":"Tirol","BILDUNG":0,"JARPRO15":1},"geometry":{"x":157089.28519999981,"y":211335.59190000035}},{"attributes":{"FID":77,"OBJECTID":112,"NAME":"NP-Infostelle Iselsberg","SEEHOEHE":1117,"URL_INTERN":"http://www.hohetauern.at/index.php?option=com_content&task=view&id=276&Itemid=111&lang=de","URL_EXTERN":" ","POI_TYP":11,"LAND":"Tirol","BILDUNG":0,"JARPRO15":1},"geometry":{"x":191551.6138000004,"y":191851.5047999993}},{"attributes":{"FID":78,"OBJECTID":132,"NAME":"Parkplatz Roaneralm","SEEHOEHE":1903,"URL_INTERN":" ","URL_EXTERN":" ","POI_TYP":21,"LAND":"Tirol","BILDUNG":0,"JARPRO15":0},"geometry":{"x":191062.27890000027,"y":196648.46470000036}},{"attributes":{"FID":79,"OBJECTID":141,"NAME":"Pebellalm","SEEHOEHE":1509,"URL_INTERN":" ","URL_EXTERN":" ","POI_TYP":27,"LAND":"Tirol","BILDUNG":0,"JARPRO15":1},"geometry":{"x":149909.18120000046,"y":209604.18019999936}},{"attributes":{"FID":80,"OBJECTID":148,"NAME":"Sajathütte","SEEHOEHE":2575,"URL_INTERN":"http://www.alpenvereinshuetten.at","URL_EXTERN":" ","POI_TYP":26,"LAND":"Tirol","BILDUNG":0,"JARPRO15":1},"geometry":{"x":153553.17410000041,"y":212980.96519999951}},{"attributes":{"FID":81,"OBJECTID":149,"NAME":"Berger-See-Hütte","SEEHOEHE":2181,"URL_INTERN":"http://www.alpenvereinshuetten.at","URL_EXTERN":" ","POI_TYP":26,"LAND":"Tirol","BILDUNG":0,"JARPRO15":1},"geometry":{"x":154354.8077999996,"y":207567.09669999965}},{"attributes":{"FID":82,"OBJECTID":177,"NAME":"Felbertauernstüberl","SEEHOEHE":0,"URL_INTERN":" ","URL_EXTERN":" ","POI_TYP":27,"LAND":"Tirol","BILDUNG":0,"JARPRO15":1},"geometry":{"x":167174.8646999998,"y":211591.16190000065}},{"attributes":{"FID":83,"OBJECTID":181,"NAME":"Schmiedleralm","SEEHOEHE":2080,"URL_INTERN":" ","URL_EXTERN":" ","POI_TYP":27,"LAND":"Tirol","BILDUNG":0,"JARPRO15":1},"geometry":{"x":158828.52610000037,"y":211806.54930000007}},{"attributes":{"FID":84,"OBJECTID":185,"NAME":"Parkplatz St. Veit","SEEHOEHE":0,"URL_INTERN":" ","URL_EXTERN":" ","POI_TYP":21,"LAND":"Tirol","BILDUNG":0,"JARPRO15":0},"geometry":{"x":159137.82720000017,"y":200475.30069999956}},{"attributes":{"FID":85,"OBJECTID":205,"NAME":"Hochsteinhütte","SEEHOEHE":2025,"URL_INTERN":" ","URL_EXTERN":" ","POI_TYP":26,"LAND":"Tirol","BILDUNG":0,"JARPRO15":1},"geometry":{"x":180610.86429999955,"y":189658.91540000029}},{"attributes":{"FID":86,"OBJECTID":210,"NAME":"Ploierhof","SEEHOEHE":0,"URL_INTERN":" ","URL_EXTERN":" ","POI_TYP":27,"LAND":"Tirol","BILDUNG":0,"JARPRO15":1},"geometry":{"x":186970.36359999981,"y":192514.87399999984}},{"attributes":{"FID":87,"OBJECTID":220,"NAME":"Kolping Fh.","SEEHOEHE":1899,"URL_INTERN":" ","URL_EXTERN":" ","POI_TYP":26,"LAND":"Tirol","BILDUNG":0,"JARPRO15":1},"geometry":{"x":187573.12810000032,"y":194902.39059999958}},{"attributes":{"FID":88,"OBJECTID":223,"NAME":"Faschingalm","SEEHOEHE":0,"URL_INTERN":" ","URL_EXTERN":" ","POI_TYP":27,"LAND":"Tirol","BILDUNG":0,"JARPRO15":1},"geometry":{"x":188957.33899999969,"y":193940.71440000087}},{"attributes":{"FID":89,"OBJECTID":224,"NAME":"Mecki´s Alm","SEEHOEHE":1840,"URL_INTERN":" ","URL_EXTERN":" ","POI_TYP":27,"LAND":"Tirol","BILDUNG":0,"JARPRO15":1},"geometry":{"x":188596.44909999985,"y":194464.71710000001}},{"attributes":{"FID":90,"OBJECTID":229,"NAME":"Gh. Schöne Aussicht","SEEHOEHE":1299,"URL_INTERN":" ","URL_EXTERN":" ","POI_TYP":27,"LAND":"Tirol","BILDUNG":0,"JARPRO15":1},"geometry":{"x":191270.92700000014,"y":192390.66889999993}},{"attributes":{"FID":91,"OBJECTID":249,"NAME":"Steilhang","SEEHOEHE":0,"URL_INTERN":" ","URL_EXTERN":" ","POI_TYP":29,"LAND":"Tirol","BILDUNG":0,"JARPRO15":1},"geometry":{"x":157336.79590000026,"y":200178.55949999951}},{"attributes":{"FID":92,"OBJECTID":250,"NAME":"Zirbenausstellung","SEEHOEHE":0,"URL_INTERN":" ","URL_EXTERN":" ","POI_TYP":31,"LAND":"Tirol","BILDUNG":0,"JARPRO15":1},"geometry":{"x":152190.94519999996,"y":199358.38949999958}},{"attributes":{"FID":93,"OBJECTID":251,"NAME":"NP Information","SEEHOEHE":0,"URL_INTERN":" ","URL_EXTERN":" ","POI_TYP":11,"LAND":"Tirol","BILDUNG":0,"JARPRO15":1},"geometry":{"x":155228.75030000042,"y":210604.89499999955}},{"attributes":{"FID":94,"OBJECTID":593,"NAME":"Großbachfall","SEEHOEHE":0,"URL_INTERN":" ","URL_EXTERN":" ","POI_TYP":33,"LAND":"Tirol","BILDUNG":0,"JARPRO15":1},"geometry":{"x":149540.40309999976,"y":209511.96600000001}},{"attributes":{"FID":95,"OBJECTID":594,"NAME":"Kleinbachfall","SEEHOEHE":0,"URL_INTERN":" ","URL_EXTERN":" ","POI_TYP":33,"LAND":"Tirol","BILDUNG":0,"JARPRO15":1},"geometry":{"x":149812.68030000012,"y":209179.44409999996}},{"attributes":{"FID":96,"OBJECTID":596,"NAME":"Kleine Philipp Reuter Hütte","SEEHOEHE":0,"URL_INTERN":" ","URL_EXTERN":" ","POI_TYP":28,"LAND":"Tirol","BILDUNG":0,"JARPRO15":1},"geometry":{"x":143490.79910000041,"y":212711.19349999912}},{"attributes":{"FID":97,"OBJECTID":600,"NAME":"Mountainbikeroute Zettersfeldrunde","SEEHOEHE":0,"URL_INTERN":" ","URL_EXTERN":" ","POI_TYP":32,"LAND":"Tirol","BILDUNG":0,"JARPRO15":1},"geometry":{"x":185281.91870000027,"y":194018.92830000073}},{"attributes":{"FID":98,"OBJECTID":610,"NAME":"Alpengasthof Oberhaus","SEEHOEHE":1768,"URL_INTERN":" ","URL_EXTERN":" ","POI_TYP":27,"LAND":"Tirol","BILDUNG":0,"JARPRO15":1},"geometry":{"x":143687.83389999997,"y":202283.13179999962}},{"attributes":{"FID":99,"OBJECTID":2526,"NAME":"TVB Lienz","SEEHOEHE":0,"URL_INTERN":"http://www.osttirol.com","URL_EXTERN":"http://www.osttirol.com","POI_TYP":40,"LAND":"Tirol","BILDUNG":0,"JARPRO15":1},"geometry":{"x":185718.50879999995,"y":190553.88150000013}},{"attributes":{"FID":100,"OBJECTID":4,"NAME":"Ruine  Rabenstein","SEEHOEHE":0,"URL_INTERN":" ","URL_EXTERN":" ","POI_TYP":30,"LAND":"Tirol","BILDUNG":0,"JARPRO15":1},"geometry":{"x":162226.21119999979,"y":210004.94749999978}},{"attributes":{"FID":101,"OBJECTID":24,"NAME":"Trogach","SEEHOEHE":1710,"URL_INTERN":" ","URL_EXTERN":" ","POI_TYP":27,"LAND":"Tirol","BILDUNG":0,"JARPRO15":1},"geometry":{"x":150739.19749999978,"y":199609.74279999919}},{"attributes":{"FID":102,"OBJECTID":32,"NAME":"Mühle","SEEHOEHE":0,"URL_INTERN":" ","URL_EXTERN":" ","POI_TYP":36,"LAND":"Tirol","BILDUNG":0,"JARPRO15":1},"geometry":{"x":165789.04220000003,"y":207671.5661999993}},{"attributes":{"FID":103,"OBJECTID":46,"NAME":"Weg des Apollo","SEEHOEHE":0,"URL_INTERN":" ","URL_EXTERN":" ","POI_TYP":29,"LAND":"Tirol","BILDUNG":0,"JARPRO15":1},"geometry":{"x":167813.0876000002,"y":201431.14980000071}},{"attributes":{"FID":104,"OBJECTID":53,"NAME":"Niljochhütte","SEEHOEHE":1975,"URL_INTERN":"http://www.alpenvereinshuetten.at","URL_EXTERN":" ","POI_TYP":26,"LAND":"Tirol","BILDUNG":0,"JARPRO15":1},"geometry":{"x":158762.9720999999,"y":211154.37839999981}},{"attributes":{"FID":105,"OBJECTID":68,"NAME":"Kalser Tauernhaus","SEEHOEHE":1754,"URL_INTERN":"http://www.alpenvereinshuetten.at","URL_EXTERN":" ","POI_TYP":26,"LAND":"Tirol","BILDUNG":0,"JARPRO15":1},"geometry":{"x":173999.33239999972,"y":217178.23450000025}},{"attributes":{"FID":106,"OBJECTID":81,"NAME":"Äussere Steiner Alm","SEEHOEHE":1909,"URL_INTERN":" ","URL_EXTERN":" ","POI_TYP":27,"LAND":"Tirol","BILDUNG":0,"JARPRO15":1},"geometry":{"x":168446.48660000041,"y":212538.50659999996}},{"attributes":{"FID":107,"OBJECTID":85,"NAME":"Parkplatz Patscherhütte","SEEHOEHE":1670,"URL_INTERN":" ","URL_EXTERN":" ","POI_TYP":21,"LAND":"Tirol","BILDUNG":0,"JARPRO15":1},"geometry":{"x":144292.62880000006,"y":200478.16699999943}},{"attributes":{"FID":108,"OBJECTID":94,"NAME":"Kinderlehrweg Kals","SEEHOEHE":9999,"URL_INTERN":" ","URL_EXTERN":" ","POI_TYP":12,"LAND":"Tirol","BILDUNG":0,"JARPRO15":1},"geometry":{"x":175413.05269999988,"y":210692.17510000058}},{"attributes":{"FID":109,"OBJECTID":96,"NAME":"Lehrweg Debanttal","SEEHOEHE":9999,"URL_INTERN":"http://www.hohetauern.at/index.php?option=com_content&task=view&id=212&Itemid=188&lang=de","URL_EXTERN":" ","POI_TYP":12,"LAND":"Tirol","BILDUNG":0,"JARPRO15":1},"geometry":{"x":185053.00609999988,"y":201365.9542999994}},{"attributes":{"FID":110,"OBJECTID":102,"NAME":"Parkplatz Trojeralmtal","SEEHOEHE":1400,"URL_INTERN":" ","URL_EXTERN":" ","POI_TYP":21,"LAND":"Tirol","BILDUNG":0,"JARPRO15":0},"geometry":{"x":152363.72719999962,"y":199695.54319999926}},{"attributes":{"FID":111,"OBJECTID":117,"NAME":"Parkplatz Glanz","SEEHOEHE":1530,"URL_INTERN":" ","URL_EXTERN":" ","POI_TYP":21,"LAND":"Tirol","BILDUNG":0,"JARPRO15":1},"geometry":{"x":169049.38080000039,"y":210643.21409999952}},{"attributes":{"FID":112,"OBJECTID":119,"NAME":"Parkplatz Speikbodenhütte","SEEHOEHE":2079,"URL_INTERN":" ","URL_EXTERN":" ","POI_TYP":21,"LAND":"Tirol","BILDUNG":0,"JARPRO15":1},"geometry":{"x":158516.50370000023,"y":201660.79790000059}},{"attributes":{"FID":113,"OBJECTID":133,"NAME":"Parkplatz Winklerneralm","SEEHOEHE":1870,"URL_INTERN":" ","URL_EXTERN":" ","POI_TYP":21,"LAND":"Tirol","BILDUNG":0,"JARPRO15":0},"geometry":{"x":191329.62100000028,"y":195734.49939999916}},{"attributes":{"FID":114,"OBJECTID":137,"NAME":"Patscher Hütte","SEEHOEHE":1685,"URL_INTERN":"http://www.alpenvereinshuetten.at","URL_EXTERN":" ","POI_TYP":26,"LAND":"Tirol","BILDUNG":0,"JARPRO15":1},"geometry":{"x":144162.15189999994,"y":200530.72890000045}},{"attributes":{"FID":115,"OBJECTID":143,"NAME":"Stoanalm","SEEHOEHE":1469,"URL_INTERN":" ","URL_EXTERN":" ","POI_TYP":27,"LAND":"Tirol","BILDUNG":0,"JARPRO15":1},"geometry":{"x":150773.47829999961,"y":211462.79130000062}},{"attributes":{"FID":116,"OBJECTID":161,"NAME":"Bergbahnen Goldried Matrei","SEEHOEHE":9999,"URL_INTERN":" ","URL_EXTERN":" ","POI_TYP":24,"LAND":"Tirol","BILDUNG":0,"JARPRO15":0},"geometry":{"x":168148.14940000046,"y":208097.81660000049}},{"attributes":{"FID":117,"OBJECTID":162,"NAME":"Umbalfälle","SEEHOEHE":1600,"URL_INTERN":" ","URL_EXTERN":" ","POI_TYP":13,"LAND":"Tirol","BILDUNG":0,"JARPRO15":1},"geometry":{"x":149487.53309999965,"y":209719.72519999929}},{"attributes":{"FID":118,"OBJECTID":163,"NAME":"Kals-Matreier Törl","SEEHOEHE":0,"URL_INTERN":" ","URL_EXTERN":" ","POI_TYP":27,"LAND":"Tirol","BILDUNG":0,"JARPRO15":1},"geometry":{"x":172389.58430000022,"y":209410.67799999937}},{"attributes":{"FID":119,"OBJECTID":164,"NAME":"Parkplatz GG-Resort","SEEHOEHE":0,"URL_INTERN":" ","URL_EXTERN":" ","POI_TYP":21,"LAND":"Tirol","BILDUNG":0,"JARPRO15":0},"geometry":{"x":168050.39800000004,"y":208135.5167999994}},{"attributes":{"FID":120,"OBJECTID":183,"NAME":"Parkplatz Lasörlinghütte","SEEHOEHE":0,"URL_INTERN":" ","URL_EXTERN":" ","POI_TYP":21,"LAND":"Tirol","BILDUNG":0,"JARPRO15":1},"geometry":{"x":158955.09030000027,"y":208594.12729999982}},{"attributes":{"FID":121,"OBJECTID":184,"NAME":"Stadler Alm","SEEHOEHE":1804,"URL_INTERN":" ","URL_EXTERN":" ","POI_TYP":27,"LAND":"Tirol","BILDUNG":0,"JARPRO15":1},"geometry":{"x":157190.90770000033,"y":205994.92190000042}},{"attributes":{"FID":122,"OBJECTID":191,"NAME":"Ragötzalm","SEEHOEHE":2110,"URL_INTERN":" ","URL_EXTERN":" ","POI_TYP":27,"LAND":"Tirol","BILDUNG":0,"JARPRO15":1},"geometry":{"x":152702.74149999954,"y":196318.49120000005}},{"attributes":{"FID":123,"OBJECTID":193,"NAME":"Parkplatz","SEEHOEHE":0,"URL_INTERN":" ","URL_EXTERN":" ","POI_TYP":21,"LAND":"Tirol","BILDUNG":0,"JARPRO15":0},"geometry":{"x":160552.94479999971,"y":194362.05680000037}},{"attributes":{"FID":124,"OBJECTID":201,"NAME":"Museum Schloss Bruck","SEEHOEHE":0,"URL_INTERN":" ","URL_EXTERN":" ","POI_TYP":31,"LAND":"Tirol","BILDUNG":0,"JARPRO15":1},"geometry":{"x":184333.16189999972,"y":190967.10040000081}},{"attributes":{"FID":125,"OBJECTID":215,"NAME":"Die Alm","SEEHOEHE":0,"URL_INTERN":" ","URL_EXTERN":" ","POI_TYP":27,"LAND":"Tirol","BILDUNG":0,"JARPRO15":1},"geometry":{"x":187430.85570000019,"y":194538.2862999998}},{"attributes":{"FID":126,"OBJECTID":230,"NAME":"Roaneralmhütte","SEEHOEHE":1903,"URL_INTERN":" ","URL_EXTERN":" ","POI_TYP":27,"LAND":"Tirol","BILDUNG":0,"JARPRO15":1},"geometry":{"x":191018.26769999973,"y":196689.05370000005}},{"attributes":{"FID":127,"OBJECTID":1886,"NAME":"Bienenpark Patsch","SEEHOEHE":0,"URL_INTERN":" ","URL_EXTERN":" ","POI_TYP":12,"LAND":"Tirol","BILDUNG":0,"JARPRO15":0},"geometry":{"x":144266.6046000002,"y":200561.94380000047}},{"attributes":{"FID":128,"OBJECTID":8,"NAME":"Maschler","SEEHOEHE":1470,"URL_INTERN":" ","URL_EXTERN":" ","POI_TYP":27,"LAND":"Tirol","BILDUNG":0,"JARPRO15":1},"geometry":{"x":164467.61870000046,"y":200728.91579999961}},{"attributes":{"FID":129,"OBJECTID":17,"NAME":"Parkplatz","SEEHOEHE":0,"URL_INTERN":" ","URL_EXTERN":" ","POI_TYP":21,"LAND":"Tirol","BILDUNG":0,"JARPRO15":0},"geometry":{"x":151987.48220000044,"y":211387.61319999956}},{"attributes":{"FID":130,"OBJECTID":23,"NAME":"Stallefall","SEEHOEHE":0,"URL_INTERN":" ","URL_EXTERN":" ","POI_TYP":33,"LAND":"Tirol","BILDUNG":0,"JARPRO15":1},"geometry":{"x":149723.46250000037,"y":198377.94129999913}},{"attributes":{"FID":131,"OBJECTID":35,"NAME":"Parkplatz Frossnitztal","SEEHOEHE":0,"URL_INTERN":" ","URL_EXTERN":" ","POI_TYP":21,"LAND":"Tirol","BILDUNG":0,"JARPRO15":1},"geometry":{"x":165815.96140000038,"y":214155.64880000055}},{"attributes":{"FID":132,"OBJECTID":37,"NAME":"Infopoint Tauernhaus","SEEHOEHE":0,"URL_INTERN":" ","URL_EXTERN":" ","POI_TYP":11,"LAND":"Tirol","BILDUNG":0,"JARPRO15":1},"geometry":{"x":164226.45519999973,"y":222266.32049999945}},{"attributes":{"FID":133,"OBJECTID":38,"NAME":"Parkplatz Oberalkus","SEEHOEHE":0,"URL_INTERN":" ","URL_EXTERN":" ","POI_TYP":21,"LAND":"Tirol","BILDUNG":0,"JARPRO15":0},"geometry":{"x":179968.01180000044,"y":196048.17119999975}},{"attributes":{"FID":134,"OBJECTID":48,"NAME":"Glocknerhaus Kals","SEEHOEHE":0,"URL_INTERN":" ","URL_EXTERN":" ","POI_TYP":31,"LAND":"Tirol","BILDUNG":1,"JARPRO15":1},"geometry":{"x":175830.35470000003,"y":209504.11339999922}},{"attributes":{"FID":135,"OBJECTID":55,"NAME":"Bonn-Matreier-Hütte","SEEHOEHE":2745,"URL_INTERN":"http://www.alpenvereinshuetten.at","URL_EXTERN":" ","POI_TYP":26,"LAND":"Tirol","BILDUNG":0,"JARPRO15":1},"geometry":{"x":159180.46949999966,"y":213242.97919999994}},{"attributes":{"FID":136,"OBJECTID":61,"NAME":"Außergschlössalm","SEEHOEHE":1680,"URL_INTERN":" ","URL_EXTERN":" ","POI_TYP":27,"LAND":"Tirol","BILDUNG":0,"JARPRO15":1},"geometry":{"x":162189.29519999959,"y":223200.74980000034}},{"attributes":{"FID":137,"OBJECTID":63,"NAME":"Arnitzalm","SEEHOEHE":1848,"URL_INTERN":" ","URL_EXTERN":" ","POI_TYP":26,"LAND":"Tirol","BILDUNG":0,"JARPRO15":1},"geometry":{"x":164917.1512000002,"y":205342.06240000017}},{"attributes":{"FID":138,"OBJECTID":69,"NAME":"Parkplatz GH Säge","SEEHOEHE":1143,"URL_INTERN":" ","URL_EXTERN":" ","POI_TYP":21,"LAND":"Tirol","BILDUNG":0,"JARPRO15":0},"geometry":{"x":190347.10379999969,"y":194665.93129999936}},{"attributes":{"FID":139,"OBJECTID":74,"NAME":"Hochschoberhütte","SEEHOEHE":2322,"URL_INTERN":"http://www.alpenvereinshuetten.at","URL_EXTERN":" ","POI_TYP":26,"LAND":"Tirol","BILDUNG":0,"JARPRO15":1},"geometry":{"x":180229.06209999975,"y":201170.75239999965}},{"attributes":{"FID":140,"OBJECTID":75,"NAME":"Lienzer Hütte","SEEHOEHE":1974,"URL_INTERN":"http://www.alpenvereinshuetten.at","URL_EXTERN":" ","POI_TYP":26,"LAND":"Tirol","BILDUNG":0,"JARPRO15":1},"geometry":{"x":183784.2368999999,"y":202351.2268000003}},{"attributes":{"FID":141,"OBJECTID":125,"NAME":"Parkplatz Matreier Tauernhaus","SEEHOEHE":1510,"URL_INTERN":" ","URL_EXTERN":" ","POI_TYP":21,"LAND":"Tirol","BILDUNG":0,"JARPRO15":1},"geometry":{"x":164316.13350000046,"y":222201.1381000001}},{"attributes":{"FID":142,"OBJECTID":135,"NAME":"Oberseehütte","SEEHOEHE":2016,"URL_INTERN":"http://www.alpenvereinshuetten.at","URL_EXTERN":" ","POI_TYP":27,"LAND":"Tirol","BILDUNG":0,"JARPRO15":1},"geometry":{"x":142453.07430000044,"y":196374.2890000008}},{"attributes":{"FID":143,"OBJECTID":175,"NAME":"Parkplatz Zedlach","SEEHOEHE":0,"URL_INTERN":" ","URL_EXTERN":" ","POI_TYP":21,"LAND":"Tirol","BILDUNG":0,"JARPRO15":0},"geometry":{"x":164389.78000000026,"y":209204.78869999945}},{"attributes":{"FID":144,"OBJECTID":206,"NAME":"Parkplatz Hochsteinhütte","SEEHOEHE":0,"URL_INTERN":" ","URL_EXTERN":" ","POI_TYP":21,"LAND":"Tirol","BILDUNG":0,"JARPRO15":0},"geometry":{"x":180416.98749999981,"y":189593.97030000016}},{"attributes":{"FID":145,"OBJECTID":212,"NAME":"Hotel Hoch-Lienz","SEEHOEHE":0,"URL_INTERN":" ","URL_EXTERN":" ","POI_TYP":26,"LAND":"Tirol","BILDUNG":0,"JARPRO15":1},"geometry":{"x":187186.83090000041,"y":194601.94380000047}},{"attributes":{"FID":146,"OBJECTID":226,"NAME":"Almmuseum Hofalm","SEEHOEHE":0,"URL_INTERN":" ","URL_EXTERN":" ","POI_TYP":31,"LAND":"Tirol","BILDUNG":0,"JARPRO15":1},"geometry":{"x":184756.88760000002,"y":201732.03040000051}},{"attributes":{"FID":147,"OBJECTID":231,"NAME":"Mautstraße","SEEHOEHE":0,"URL_INTERN":" ","URL_EXTERN":" ","POI_TYP":23,"LAND":"Tirol","BILDUNG":0,"JARPRO15":1},"geometry":{"x":192726.40689999983,"y":190892.36529999971}},{"attributes":{"FID":148,"OBJECTID":232,"NAME":"Mautstraße Zettersfeld","SEEHOEHE":0,"URL_INTERN":" ","URL_EXTERN":" ","POI_TYP":23,"LAND":"Tirol","BILDUNG":0,"JARPRO15":1},"geometry":{"x":185029.60250000004,"y":193782.51469999924}},{"attributes":{"FID":149,"OBJECTID":242,"NAME":"Mountainbikeroute Lucknerhausrunde","SEEHOEHE":0,"URL_INTERN":" ","URL_EXTERN":" ","POI_TYP":32,"LAND":"Tirol","BILDUNG":0,"JARPRO15":1},"geometry":{"x":178425.37820000015,"y":210930.69700000063}},{"attributes":{"FID":150,"OBJECTID":246,"NAME":"Schloss Weißenstein","SEEHOEHE":0,"URL_INTERN":" ","URL_EXTERN":" ","POI_TYP":30,"LAND":"Tirol","BILDUNG":0,"JARPRO15":1},"geometry":{"x":167680.81730000023,"y":210064.5856999997}},{"attributes":{"FID":151,"OBJECTID":592,"NAME":"Wallfahrtskirche Maria Schnee","SEEHOEHE":0,"URL_INTERN":" ","URL_EXTERN":" ","POI_TYP":13,"LAND":"Tirol","BILDUNG":0,"JARPRO15":1},"geometry":{"x":160217.25609999988,"y":209748.08229999989}},{"attributes":{"FID":152,"OBJECTID":595,"NAME":"Schleierfall","SEEHOEHE":0,"URL_INTERN":" ","URL_EXTERN":" ","POI_TYP":33,"LAND":"Tirol","BILDUNG":0,"JARPRO15":1},"geometry":{"x":148762.07550000027,"y":210195.85419999994}},{"attributes":{"FID":153,"OBJECTID":603,"NAME":"Gössnitz-Biwak","SEEHOEHE":0,"URL_INTERN":" ","URL_EXTERN":" ","POI_TYP":28,"LAND":"Tirol","BILDUNG":0,"JARPRO15":1},"geometry":{"x":183675.59509999957,"y":205049.65359999985}},{"attributes":{"FID":154,"OBJECTID":2545,"NAME":"TVB Infobüro Prägraten","SEEHOEHE":0,"URL_INTERN":"http://www.osttirol.com","URL_EXTERN":"http://www.osttirol.com","POI_TYP":40,"LAND":"Tirol","BILDUNG":0,"JARPRO15":1},"geometry":{"x":155244.02300000004,"y":210637.19620000012}},{"attributes":{"FID":155,"OBJECTID":2549,"NAME":"Ausstellung Virgen \"Zeitenwandel\"","SEEHOEHE":0,"URL_INTERN":" ","URL_EXTERN":" ","POI_TYP":31,"LAND":"Tirol","BILDUNG":0,"JARPRO15":0},"geometry":{"x":161587.27830000035,"y":209314.71279999986}},{"attributes":{"FID":156,"OBJECTID":33,"NAME":"Mühle","SEEHOEHE":0,"URL_INTERN":" ","URL_EXTERN":" ","POI_TYP":36,"LAND":"Tirol","BILDUNG":0,"JARPRO15":1},"geometry":{"x":152533.04090000037,"y":210822.87539999932}},{"attributes":{"FID":157,"OBJECTID":40,"NAME":"Haus des Wassers","SEEHOEHE":0,"URL_INTERN":" ","URL_EXTERN":" ","POI_TYP":14,"LAND":"Tirol","BILDUNG":1,"JARPRO15":1},"geometry":{"x":150137.07070000004,"y":199066.1855999995}},{"attributes":{"FID":158,"OBJECTID":41,"NAME":"Wasserlehrweg St. Jakob","SEEHOEHE":0,"URL_INTERN":" ","URL_EXTERN":" ","POI_TYP":12,"LAND":"Tirol","BILDUNG":0,"JARPRO15":1},"geometry":{"x":152577.24909999967,"y":199232.74039999954}},{"attributes":{"FID":159,"OBJECTID":45,"NAME":"Wasserwanderweg","SEEHOEHE":0,"URL_INTERN":" ","URL_EXTERN":" ","POI_TYP":29,"LAND":"Tirol","BILDUNG":0,"JARPRO15":0},"geometry":{"x":166224.18460000027,"y":200122.66190000065}},{"attributes":{"FID":160,"OBJECTID":50,"NAME":"Parkplatz Prosseg","SEEHOEHE":0,"URL_INTERN":" ","URL_EXTERN":" ","POI_TYP":21,"LAND":"Tirol","BILDUNG":0,"JARPRO15":0},"geometry":{"x":167080.00870000012,"y":210796.60979999974}},{"attributes":{"FID":161,"OBJECTID":52,"NAME":"Speikbodenhütte","SEEHOEHE":2030,"URL_INTERN":" ","URL_EXTERN":" ","POI_TYP":26,"LAND":"Tirol","BILDUNG":0,"JARPRO15":1},"geometry":{"x":158478.20849999972,"y":201674.62659999914}},{"attributes":{"FID":162,"OBJECTID":56,"NAME":"Zupalseehütte","SEEHOEHE":2346,"URL_INTERN":"http://www.alpenvereinshuetten.at","URL_EXTERN":" ","POI_TYP":26,"LAND":"Tirol","BILDUNG":0,"JARPRO15":1},"geometry":{"x":160121.65579999983,"y":204202.94979999959}},{"attributes":{"FID":163,"OBJECTID":71,"NAME":"Parkplatz Rottmannalm","SEEHOEHE":1900,"URL_INTERN":" ","URL_EXTERN":" ","POI_TYP":21,"LAND":"Tirol","BILDUNG":0,"JARPRO15":0},"geometry":{"x":187114.02359999996,"y":194710.27280000038}},{"attributes":{"FID":164,"OBJECTID":80,"NAME":"Bergrestaurant Blauspitz","SEEHOEHE":2305,"URL_INTERN":" ","URL_EXTERN":" ","POI_TYP":27,"LAND":"Tirol","BILDUNG":0,"JARPRO15":1},"geometry":{"x":172881.43649999984,"y":210955.90909999982}},{"attributes":{"FID":165,"OBJECTID":93,"NAME":"Gletscherlehrweg Innergschlöß","SEEHOEHE":9999,"URL_INTERN":"http://www.hohetauern.at/index.php?option=com_content&task=view&id=214&Itemid=188&lang=de","URL_EXTERN":" ","POI_TYP":12,"LAND":"Tirol","BILDUNG":0,"JARPRO15":1},"geometry":{"x":159253.79910000041,"y":222563.43950000033}},{"attributes":{"FID":166,"OBJECTID":99,"NAME":"Lehrweg Dorfertal","SEEHOEHE":9999,"URL_INTERN":" ","URL_EXTERN":" ","POI_TYP":12,"LAND":"Tirol","BILDUNG":0,"JARPRO15":1},"geometry":{"x":174143.15490000043,"y":217586.03480000049}},{"attributes":{"FID":167,"OBJECTID":101,"NAME":"Parkplatz Trogach","SEEHOEHE":1500,"URL_INTERN":" ","URL_EXTERN":" ","POI_TYP":21,"LAND":"Tirol","BILDUNG":0,"JARPRO15":1},"geometry":{"x":150737.60470000003,"y":199580.0987999998}},{"attributes":{"FID":168,"OBJECTID":130,"NAME":"Taxi zum Lucknerhaus","SEEHOEHE":9999,"URL_INTERN":" ","URL_EXTERN":" ","POI_TYP":22,"LAND":"Tirol","BILDUNG":0,"JARPRO15":1},"geometry":{"x":175797.41739999969,"y":209835.9160999991}},{"attributes":{"FID":169,"OBJECTID":131,"NAME":"Wetterkreuztaxi","SEEHOEHE":9999,"URL_INTERN":" ","URL_EXTERN":" ","POI_TYP":22,"LAND":"Tirol","BILDUNG":0,"JARPRO15":0},"geometry":{"x":161229.98319999967,"y":208524.78399999999}},{"attributes":{"FID":170,"OBJECTID":140,"NAME":"Blindisalm","SEEHOEHE":1894,"URL_INTERN":" ","URL_EXTERN":" ","POI_TYP":27,"LAND":"Tirol","BILDUNG":0,"JARPRO15":1},"geometry":{"x":148572.82330000028,"y":197667.64479999989}},{"attributes":{"FID":171,"OBJECTID":165,"NAME":"Bergrestaurant Goldried","SEEHOEHE":2146,"URL_INTERN":" ","URL_EXTERN":" ","POI_TYP":27,"LAND":"Tirol","BILDUNG":0,"JARPRO15":1},"geometry":{"x":170835.95990000013,"y":208051.29209999926}},{"attributes":{"FID":172,"OBJECTID":178,"NAME":"Parkplatz Landecktal","SEEHOEHE":0,"URL_INTERN":" ","URL_EXTERN":" ","POI_TYP":21,"LAND":"Tirol","BILDUNG":0,"JARPRO15":0},"geometry":{"x":166942.70559999999,"y":217999.9963000007}},{"attributes":{"FID":173,"OBJECTID":188,"NAME":"Gondelbahn Brunneralm","SEEHOEHE":0,"URL_INTERN":" ","URL_EXTERN":" ","POI_TYP":24,"LAND":"Tirol","BILDUNG":0,"JARPRO15":1},"geometry":{"x":153957.55680000037,"y":198240.05790000036}},{"attributes":{"FID":174,"OBJECTID":199,"NAME":"Geolehrweg","SEEHOEHE":0,"URL_INTERN":" ","URL_EXTERN":" ","POI_TYP":29,"LAND":"Tirol","BILDUNG":0,"JARPRO15":0},"geometry":{"x":180310.94900000002,"y":212414.25970000029}},{"attributes":{"FID":175,"OBJECTID":200,"NAME":"Schloss Bruck","SEEHOEHE":725,"URL_INTERN":" ","URL_EXTERN":" ","POI_TYP":30,"LAND":"Tirol","BILDUNG":0,"JARPRO15":1},"geometry":{"x":184321.51350000035,"y":190967.66630000062}},{"attributes":{"FID":176,"OBJECTID":214,"NAME":"Atrium","SEEHOEHE":0,"URL_INTERN":" ","URL_EXTERN":" ","POI_TYP":26,"LAND":"Tirol","BILDUNG":0,"JARPRO15":1},"geometry":{"x":187402.62519999966,"y":194477.27710000053}},{"attributes":{"FID":177,"OBJECTID":228,"NAME":"Aguntum","SEEHOEHE":0,"URL_INTERN":" ","URL_EXTERN":" ","POI_TYP":31,"LAND":"Tirol","BILDUNG":0,"JARPRO15":1},"geometry":{"x":190050.25949999969,"y":190527.43759999983}},{"attributes":{"FID":178,"OBJECTID":233,"NAME":"Wildpark Assling","SEEHOEHE":0,"URL_INTERN":" ","URL_EXTERN":" ","POI_TYP":34,"LAND":"Tirol","BILDUNG":0,"JARPRO15":0},"geometry":{"x":175681.72479999997,"y":186559.97460000031}},{"attributes":{"FID":179,"OBJECTID":238,"NAME":"Kienburg","SEEHOEHE":0,"URL_INTERN":" ","URL_EXTERN":" ","POI_TYP":30,"LAND":"Tirol","BILDUNG":0,"JARPRO15":1},"geometry":{"x":172698.5223000003,"y":200256.47929999977}},{"attributes":{"FID":180,"OBJECTID":241,"NAME":"Mautstraße Lucknerhaus","SEEHOEHE":0,"URL_INTERN":" ","URL_EXTERN":" ","POI_TYP":23,"LAND":"Tirol","BILDUNG":0,"JARPRO15":1},"geometry":{"x":178157.3200000003,"y":210743.41889999993}},{"attributes":{"FID":181,"OBJECTID":590,"NAME":"Hohe Achsel","SEEHOEHE":0,"URL_INTERN":" ","URL_EXTERN":" ","POI_TYP":37,"LAND":"Tirol","BILDUNG":0,"JARPRO15":1},"geometry":{"x":162451.14070000034,"y":223109.81350000016}},{"attributes":{"FID":182,"OBJECTID":591,"NAME":"Nikolauskirche","SEEHOEHE":0,"URL_INTERN":" ","URL_EXTERN":" ","POI_TYP":13,"LAND":"Tirol","BILDUNG":0,"JARPRO15":1},"geometry":{"x":166470.13860000018,"y":208044.14250000007}},{"attributes":{"FID":183,"OBJECTID":598,"NAME":"Jausenstation Lackenstüberl","SEEHOEHE":0,"URL_INTERN":" ","URL_EXTERN":" ","POI_TYP":27,"LAND":"Tirol","BILDUNG":0,"JARPRO15":1},"geometry":{"x":143687.11880000029,"y":197145.20629999973}},{"attributes":{"FID":184,"OBJECTID":7,"NAME":"Wasserfall","SEEHOEHE":0,"URL_INTERN":" ","URL_EXTERN":" ","POI_TYP":33,"LAND":"Tirol","BILDUNG":0,"JARPRO15":1},"geometry":{"x":167517.37750000041,"y":211787.3189000003}},{"attributes":{"FID":185,"OBJECTID":27,"NAME":"Mautstelle Erlsbach","SEEHOEHE":0,"URL_INTERN":" ","URL_EXTERN":" ","POI_TYP":23,"LAND":"Tirol","BILDUNG":0,"JARPRO15":1},"geometry":{"x":146313.46910000034,"y":199355.31469999999}},{"attributes":{"FID":186,"OBJECTID":36,"NAME":"Säge (Venezianergatter)","SEEHOEHE":0,"URL_INTERN":" ","URL_EXTERN":" ","POI_TYP":36,"LAND":"Tirol","BILDUNG":0,"JARPRO15":1},"geometry":{"x":164128.16370000038,"y":222378.57970000058}},{"attributes":{"FID":187,"OBJECTID":49,"NAME":"Stockmühlen","SEEHOEHE":0,"URL_INTERN":" ","URL_EXTERN":" ","POI_TYP":36,"LAND":"Tirol","BILDUNG":0,"JARPRO15":1},"geometry":{"x":175373.46289999969,"y":210755.02710000053}},{"attributes":{"FID":188,"OBJECTID":58,"NAME":"Venedigerhaus","SEEHOEHE":1689,"URL_INTERN":"http://www.alpenvereinshuetten.at","URL_EXTERN":" ","POI_TYP":26,"LAND":"Tirol","BILDUNG":0,"JARPRO15":1},"geometry":{"x":160736.35219999962,"y":222716.43290000036}},{"attributes":{"FID":189,"OBJECTID":64,"NAME":"Wodenalm","SEEHOEHE":1804,"URL_INTERN":" ","URL_EXTERN":" ","POI_TYP":27,"LAND":"Tirol","BILDUNG":0,"JARPRO15":1},"geometry":{"x":165235.11359999981,"y":210646.07259999961}},{"attributes":{"FID":190,"OBJECTID":89,"NAME":"Stüdlhütte","SEEHOEHE":2801,"URL_INTERN":"http://www.alpenvereinshuetten.at","URL_EXTERN":" ","POI_TYP":26,"LAND":"Tirol","BILDUNG":0,"JARPRO15":1},"geometry":{"x":178398.07409999985,"y":215541.57499999925}},{"attributes":{"FID":191,"OBJECTID":97,"NAME":"Wasserschaupfad Umbalfälle","SEEHOEHE":9999,"URL_INTERN":"http://www.hohetauern.at/index.php?option=com_content&task=view&id=232&Itemid=188&lang=de","URL_EXTERN":" ","POI_TYP":12,"LAND":"Tirol","BILDUNG":0,"JARPRO15":1},"geometry":{"x":149534.19429999962,"y":209699.11999999918}},{"attributes":{"FID":192,"OBJECTID":104,"NAME":"Parkplatz Guggenberg","SEEHOEHE":1148,"URL_INTERN":" ","URL_EXTERN":" ","POI_TYP":21,"LAND":"Tirol","BILDUNG":0,"JARPRO15":1},"geometry":{"x":165772.29239999969,"y":207752.01779999956}},{"attributes":{"FID":193,"OBJECTID":105,"NAME":"Parkplatz Zedlacher Paradies","SEEHOEHE":1320,"URL_INTERN":" ","URL_EXTERN":" ","POI_TYP":21,"LAND":"Tirol","BILDUNG":0,"JARPRO15":1},"geometry":{"x":164988.87750000041,"y":209459.82660000026}},{"attributes":{"FID":194,"OBJECTID":109,"NAME":"Zubringer Pebellalm","SEEHOEHE":9999,"URL_INTERN":" ","URL_EXTERN":" ","POI_TYP":25,"LAND":"Tirol","BILDUNG":0,"JARPRO15":1},"geometry":{"x":151030.48400000017,"y":210473.40599999949}},{"attributes":{"FID":195,"OBJECTID":115,"NAME":"NP-Infostelle Handelhaus","SEEHOEHE":1389,"URL_INTERN":"http://www.hohetauern.at/index.php?option=com_content&task=view&id=277&Itemid=111&lang=de","URL_EXTERN":" ","POI_TYP":11,"LAND":"Tirol","BILDUNG":1,"JARPRO15":1},"geometry":{"x":152187.21119999979,"y":199414.39210000075}},{"attributes":{"FID":196,"OBJECTID":124,"NAME":"Parkplatz Erlsbach","SEEHOEHE":1549,"URL_INTERN":" ","URL_EXTERN":" ","POI_TYP":21,"LAND":"Tirol","BILDUNG":0,"JARPRO15":1},"geometry":{"x":146512.84800000023,"y":199330.39540000074}},{"attributes":{"FID":197,"OBJECTID":142,"NAME":"Islitzeralm","SEEHOEHE":1513,"URL_INTERN":" ","URL_EXTERN":" ","POI_TYP":27,"LAND":"Tirol","BILDUNG":0,"JARPRO15":1},"geometry":{"x":149931.00659999996,"y":209684.01600000076}},{"attributes":{"FID":198,"OBJECTID":145,"NAME":"Johannishütte","SEEHOEHE":2116,"URL_INTERN":"http://www.alpenvereinshuetten.at","URL_EXTERN":" ","POI_TYP":26,"LAND":"Tirol","BILDUNG":0,"JARPRO15":1},"geometry":{"x":152047.35599999968,"y":215394.58239999972}},{"attributes":{"FID":199,"OBJECTID":146,"NAME":"Lasnitzenalm","SEEHOEHE":1900,"URL_INTERN":" ","URL_EXTERN":" ","POI_TYP":26,"LAND":"Tirol","BILDUNG":0,"JARPRO15":1},"geometry":{"x":152611.9709999999,"y":208087.39069999941}},{"attributes":{"FID":200,"OBJECTID":154,"NAME":"Reichenberger Hütte","SEEHOEHE":2586,"URL_INTERN":"http://www.alpenvereinshuetten.at","URL_EXTERN":" ","POI_TYP":26,"LAND":"Tirol","BILDUNG":0,"JARPRO15":1},"geometry":{"x":148111.49890000001,"y":205418.67349999957}},{"attributes":{"FID":201,"OBJECTID":158,"NAME":"Anna Schutzhaus","SEEHOEHE":2062,"URL_INTERN":" ","URL_EXTERN":" ","POI_TYP":26,"LAND":"Tirol","BILDUNG":0,"JARPRO15":0},"geometry":{"x":195386.05850000028,"y":190487.02520000003}},{"attributes":{"FID":202,"OBJECTID":169,"NAME":"Parkplatz Lesach Ort","SEEHOEHE":0,"URL_INTERN":" ","URL_EXTERN":" ","POI_TYP":21,"LAND":"Tirol","BILDUNG":0,"JARPRO15":1},"geometry":{"x":175496.24179999996,"y":207614.83410000056}},{"attributes":{"FID":203,"OBJECTID":171,"NAME":"Schleierwasserfall","SEEHOEHE":0,"URL_INTERN":" ","URL_EXTERN":" ","POI_TYP":33,"LAND":"Tirol","BILDUNG":0,"JARPRO15":1},"geometry":{"x":174082.08700000029,"y":204824.73000000045}},{"attributes":{"FID":204,"OBJECTID":172,"NAME":"Jausenstation Melcher","SEEHOEHE":0,"URL_INTERN":" ","URL_EXTERN":" ","POI_TYP":27,"LAND":"Tirol","BILDUNG":0,"JARPRO15":0},"geometry":{"x":175503.67250000034,"y":199658.29270000011}},{"attributes":{"FID":205,"OBJECTID":176,"NAME":"Gosserhof","SEEHOEHE":0,"URL_INTERN":" ","URL_EXTERN":" ","POI_TYP":27,"LAND":"Tirol","BILDUNG":0,"JARPRO15":1},"geometry":{"x":164199.50480000023,"y":209211.63829999976}},{"attributes":{"FID":206,"OBJECTID":182,"NAME":"Weg der Sinne","SEEHOEHE":0,"URL_INTERN":" ","URL_EXTERN":" ","POI_TYP":29,"LAND":"Tirol","BILDUNG":0,"JARPRO15":0},"geometry":{"x":162299.37320000026,"y":208711.23220000044}},{"attributes":{"FID":207,"OBJECTID":186,"NAME":"Moseralm","SEEHOEHE":2345,"URL_INTERN":" ","URL_EXTERN":" ","POI_TYP":27,"LAND":"Tirol","BILDUNG":0,"JARPRO15":1},"geometry":{"x":154934.81450000033,"y":196795.45490000024}},{"attributes":{"FID":208,"OBJECTID":190,"NAME":"Bruggeralm","SEEHOEHE":1818,"URL_INTERN":" ","URL_EXTERN":" ","POI_TYP":27,"LAND":"Tirol","BILDUNG":0,"JARPRO15":1},"geometry":{"x":153457.60080000013,"y":196608.30480000004}},{"attributes":{"FID":209,"OBJECTID":192,"NAME":"Volkzeiner Hütte","SEEHOEHE":1884,"URL_INTERN":" ","URL_EXTERN":" ","POI_TYP":26,"LAND":"Tirol","BILDUNG":0,"JARPRO15":0},"geometry":{"x":160549.92410000041,"y":194373.38450000063}},{"attributes":{"FID":210,"OBJECTID":195,"NAME":"Taxizubringer","SEEHOEHE":0,"URL_INTERN":" ","URL_EXTERN":" ","POI_TYP":22,"LAND":"Tirol","BILDUNG":0,"JARPRO15":1},"geometry":{"x":164606.74959999975,"y":196284.31919999979}},{"attributes":{"FID":211,"OBJECTID":196,"NAME":"Parkplatz Rodelbahn Würfelehütte","SEEHOEHE":0,"URL_INTERN":" ","URL_EXTERN":" ","POI_TYP":21,"LAND":"Tirol","BILDUNG":0,"JARPRO15":0},"geometry":{"x":161303.82100000046,"y":208554.20570000075}},{"attributes":{"FID":212,"OBJECTID":202,"NAME":"Schlossbergbahn","SEEHOEHE":0,"URL_INTERN":" ","URL_EXTERN":" ","POI_TYP":24,"LAND":"Tirol","BILDUNG":0,"JARPRO15":1},"geometry":{"x":184316.34920000006,"y":190632.4609999992}},{"attributes":{"FID":213,"OBJECTID":203,"NAME":"Ghf. Moosalm","SEEHOEHE":1075,"URL_INTERN":" ","URL_EXTERN":" ","POI_TYP":27,"LAND":"Tirol","BILDUNG":0,"JARPRO15":1},"geometry":{"x":183715.57620000001,"y":190252.65530000068}},{"attributes":{"FID":214,"OBJECTID":216,"NAME":"Bgh. Zettersfeld","SEEHOEHE":1812,"URL_INTERN":" ","URL_EXTERN":" ","POI_TYP":27,"LAND":"Tirol","BILDUNG":0,"JARPRO15":1},"geometry":{"x":187647.23369999975,"y":194466.48770000041}},{"attributes":{"FID":215,"OBJECTID":221,"NAME":"Mountainbikeroute Faschingalm- Debanttal- Lienzer Hütte","SEEHOEHE":0,"URL_INTERN":" ","URL_EXTERN":" ","POI_TYP":32,"LAND":"Tirol","BILDUNG":0,"JARPRO15":1},"geometry":{"x":189172.72389999963,"y":195889.26280000061}},{"attributes":{"FID":216,"OBJECTID":225,"NAME":"Gasthof zur Säge (unbew.)","SEEHOEHE":1143,"URL_INTERN":" ","URL_EXTERN":" ","POI_TYP":27,"LAND":"Tirol","BILDUNG":0,"JARPRO15":1},"geometry":{"x":190285.39879999962,"y":194645.58229999989}},{"attributes":{"FID":217,"OBJECTID":236,"NAME":"Mountainbikeroute Zwenewaldweg","SEEHOEHE":0,"URL_INTERN":" ","URL_EXTERN":" ","POI_TYP":32,"LAND":"Tirol","BILDUNG":0,"JARPRO15":1},"geometry":{"x":164637.61249999981,"y":196313.51590000093}},{"attributes":{"FID":218,"OBJECTID":10,"NAME":"Mountainbikeroute Dorferalmweg - Johannishütte","SEEHOEHE":0,"URL_INTERN":" ","URL_EXTERN":" ","POI_TYP":32,"LAND":"Tirol","BILDUNG":0,"JARPRO15":1},"geometry":{"x":152047.35599999968,"y":215394.58239999972}},{"attributes":{"FID":219,"OBJECTID":12,"NAME":"Taxizubringer","SEEHOEHE":0,"URL_INTERN":" ","URL_EXTERN":" ","POI_TYP":22,"LAND":"Tirol","BILDUNG":0,"JARPRO15":1},"geometry":{"x":157003.30310000014,"y":211326.67650000006}},{"attributes":{"FID":220,"OBJECTID":15,"NAME":"Parkplatz-Sajathütte","SEEHOEHE":0,"URL_INTERN":" ","URL_EXTERN":" ","POI_TYP":21,"LAND":"Tirol","BILDUNG":0,"JARPRO15":0},"geometry":{"x":153611.98699999973,"y":211155.0178999994}},{"attributes":{"FID":221,"OBJECTID":16,"NAME":"Mountainbikeroute Katinweg - Stabanthütte","SEEHOEHE":0,"URL_INTERN":" ","URL_EXTERN":" ","POI_TYP":32,"LAND":"Tirol","BILDUNG":0,"JARPRO15":1},"geometry":{"x":152683.77780000027,"y":211472.04429999925}},{"attributes":{"FID":222,"OBJECTID":19,"NAME":"Knappengruben","SEEHOEHE":2425,"URL_INTERN":" ","URL_EXTERN":" ","POI_TYP":35,"LAND":"Tirol","BILDUNG":0,"JARPRO15":1},"geometry":{"x":151847.29069999978,"y":203563.04059999995}},{"attributes":{"FID":223,"OBJECTID":39,"NAME":"Mühle","SEEHOEHE":0,"URL_INTERN":" ","URL_EXTERN":" ","POI_TYP":36,"LAND":"Tirol","BILDUNG":0,"JARPRO15":1},"geometry":{"x":155932.48060000036,"y":199696.44590000063}},{"attributes":{"FID":224,"OBJECTID":60,"NAME":"Resinger Alm","SEEHOEHE":1820,"URL_INTERN":" ","URL_EXTERN":" ","POI_TYP":27,"LAND":"Tirol","BILDUNG":0,"JARPRO15":1},"geometry":{"x":162127.77329999954,"y":215211.9963000007}},{"attributes":{"FID":225,"OBJECTID":62,"NAME":"Matreier Tauernhaus","SEEHOEHE":1511,"URL_INTERN":"http://www.alpenvereinshuetten.at","URL_EXTERN":" ","POI_TYP":26,"LAND":"Tirol","BILDUNG":0,"JARPRO15":1},"geometry":{"x":164179.57469999976,"y":222277.84960000031}},{"attributes":{"FID":226,"OBJECTID":65,"NAME":"Zunigalm","SEEHOEHE":1855,"URL_INTERN":" ","URL_EXTERN":" ","POI_TYP":26,"LAND":"Tirol","BILDUNG":0,"JARPRO15":1},"geometry":{"x":166332.16660000011,"y":206091.76290000044}},{"attributes":{"FID":227,"OBJECTID":67,"NAME":"Bergeralm","SEEHOEHE":1636,"URL_INTERN":" ","URL_EXTERN":" ","POI_TYP":27,"LAND":"Tirol","BILDUNG":0,"JARPRO15":1},"geometry":{"x":173915.3339999998,"y":214685.36580000073}},{"attributes":{"FID":228,"OBJECTID":73,"NAME":"Lucknerhaus","SEEHOEHE":1918,"URL_INTERN":"http://www.alpenvereinshuetten.at","URL_EXTERN":" ","POI_TYP":26,"LAND":"Tirol","BILDUNG":0,"JARPRO15":1},"geometry":{"x":179033.20430000033,"y":211774.5446000006}},{"attributes":{"FID":229,"OBJECTID":79,"NAME":"Parkplatz Moaralm","SEEHOEHE":1810,"URL_INTERN":" ","URL_EXTERN":" ","POI_TYP":21,"LAND":"Tirol","BILDUNG":0,"JARPRO15":0},"geometry":{"x":174281.26269999985,"y":213185.94409999996}},{"attributes":{"FID":230,"OBJECTID":82,"NAME":"Bergrestaurant Glocknerblick","SEEHOEHE":1933,"URL_INTERN":" ","URL_EXTERN":" ","POI_TYP":27,"LAND":"Tirol","BILDUNG":0,"JARPRO15":1},"geometry":{"x":174183.58079999965,"y":210465.33970000036}},{"attributes":{"FID":231,"OBJECTID":92,"NAME":"Kutsche Innergschlöss","SEEHOEHE":9999,"URL_INTERN":" ","URL_EXTERN":" ","POI_TYP":25,"LAND":"Tirol","BILDUNG":0,"JARPRO15":1},"geometry":{"x":163989.13740000036,"y":222433.78810000047}},{"attributes":{"FID":232,"OBJECTID":98,"NAME":"Lehrweg Oberhauser Zirbenwald","SEEHOEHE":9999,"URL_INTERN":"http://www.hohetauern.at/index.php?option=com_content&task=view&id=218&Itemid=188&lang=de","URL_EXTERN":" ","POI_TYP":12,"LAND":"Tirol","BILDUNG":0,"JARPRO15":1},"geometry":{"x":143476.75930000003,"y":202452.37439999916}},{"attributes":{"FID":233,"OBJECTID":103,"NAME":"Parkplatz Ratzell","SEEHOEHE":1490,"URL_INTERN":" ","URL_EXTERN":" ","POI_TYP":21,"LAND":"Tirol","BILDUNG":0,"JARPRO15":1},"geometry":{"x":168754.67839999963,"y":201662.81220000051}},{"attributes":{"FID":234,"OBJECTID":106,"NAME":"Parkplatz Marin","SEEHOEHE":1385,"URL_INTERN":" ","URL_EXTERN":" ","POI_TYP":21,"LAND":"Tirol","BILDUNG":0,"JARPRO15":1},"geometry":{"x":160795.07949999999,"y":210219.58990000002}},{"attributes":{"FID":235,"OBJECTID":111,"NAME":"Nationalparkhaus Matrei","SEEHOEHE":950,"URL_INTERN":"http://www.hohetauern.at/index.php?option=com_content&task=view&id=275&Itemid=205&lang=de","URL_EXTERN":" ","POI_TYP":10,"LAND":"Tirol","BILDUNG":1,"JARPRO15":1},"geometry":{"x":167909.51410000026,"y":209189.0449000001}},{"attributes":{"FID":236,"OBJECTID":118,"NAME":"Parkplatz Dorfertal/Teischnitztal","SEEHOEHE":1489,"URL_INTERN":" ","URL_EXTERN":" ","POI_TYP":21,"LAND":"Tirol","BILDUNG":0,"JARPRO15":1},"geometry":{"x":175197.67109999992,"y":211874.22199999914}},{"attributes":{"FID":237,"OBJECTID":122,"NAME":"Parkplatz Oberseehütte","SEEHOEHE":2016,"URL_INTERN":" ","URL_EXTERN":" ","POI_TYP":21,"LAND":"Tirol","BILDUNG":0,"JARPRO15":1},"geometry":{"x":142453.07430000044,"y":196374.2890000008}},{"attributes":{"FID":238,"OBJECTID":126,"NAME":"Parkplatz Ströden","SEEHOEHE":1403,"URL_INTERN":" ","URL_EXTERN":" ","POI_TYP":21,"LAND":"Tirol","BILDUNG":0,"JARPRO15":1},"geometry":{"x":151023.38650000002,"y":210555.82279999927}},{"attributes":{"FID":239,"OBJECTID":139,"NAME":"Seespitzhütte (Frölitzalm)","SEEHOEHE":2327,"URL_INTERN":" ","URL_EXTERN":" ","POI_TYP":26,"LAND":"Tirol","BILDUNG":0,"JARPRO15":1},"geometry":{"x":148247.06969999988,"y":200931.27370000072}},{"attributes":{"FID":240,"OBJECTID":150,"NAME":"Defregger Haus","SEEHOEHE":2963,"URL_INTERN":"http://www.alpenvereinshuetten.at","URL_EXTERN":" ","POI_TYP":26,"LAND":"Tirol","BILDUNG":0,"JARPRO15":1},"geometry":{"x":154095.79750000034,"y":218070.54590000026}},{"attributes":{"FID":241,"OBJECTID":156,"NAME":"Neue Prager Hütte","SEEHOEHE":2782,"URL_INTERN":"http://www.alpenvereinshuetten.at","URL_EXTERN":" ","POI_TYP":26,"LAND":"Tirol","BILDUNG":0,"JARPRO15":1},"geometry":{"x":156258.99619999994,"y":222513.32200000063}},{"attributes":{"FID":242,"OBJECTID":159,"NAME":"Waldlehrweg Zedlacher Paradies","SEEHOEHE":1400,"URL_INTERN":"http://www.hohetauern.at/index.php?option=com_content&task=view&id=233&Itemid=184&lang=de","URL_EXTERN":" ","POI_TYP":12,"LAND":"Tirol","BILDUNG":0,"JARPRO15":1},"geometry":{"x":164597.89890000038,"y":209673.37949999981}},{"attributes":{"FID":243,"OBJECTID":160,"NAME":"Strumerhof","SEEHOEHE":1445,"URL_INTERN":" ","URL_EXTERN":" ","POI_TYP":27,"LAND":"Tirol","BILDUNG":0,"JARPRO15":1},"geometry":{"x":166134.67179999966,"y":210207.36500000022}},{"attributes":{"FID":244,"OBJECTID":166,"NAME":"Kuenzeralm","SEEHOEHE":1769,"URL_INTERN":" ","URL_EXTERN":" ","POI_TYP":27,"LAND":"Tirol","BILDUNG":0,"JARPRO15":1},"geometry":{"x":169814.68869999982,"y":208725.03490000032}},{"attributes":{"FID":245,"OBJECTID":170,"NAME":"Parkplatz Haslach","SEEHOEHE":0,"URL_INTERN":" ","URL_EXTERN":" ","POI_TYP":21,"LAND":"Tirol","BILDUNG":0,"JARPRO15":0},"geometry":{"x":174021.09559999965,"y":204842.55969999917}},{"attributes":{"FID":246,"OBJECTID":174,"NAME":"Parkplatz Strumerhof","SEEHOEHE":0,"URL_INTERN":" ","URL_EXTERN":" ","POI_TYP":21,"LAND":"Tirol","BILDUNG":0,"JARPRO15":1},"geometry":{"x":166118.58169999998,"y":210221.68219999969}},{"attributes":{"FID":247,"OBJECTID":187,"NAME":"Sesselbahn Mooserberg","SEEHOEHE":0,"URL_INTERN":" ","URL_EXTERN":" ","POI_TYP":24,"LAND":"Tirol","BILDUNG":0,"JARPRO15":1},"geometry":{"x":154636.81290000025,"y":197188.98560000025}},{"attributes":{"FID":248,"OBJECTID":197,"NAME":"Brunnalm","SEEHOEHE":2055,"URL_INTERN":" ","URL_EXTERN":" ","POI_TYP":27,"LAND":"Tirol","BILDUNG":0,"JARPRO15":1},"geometry":{"x":154175.26889999956,"y":197633.1967999991}},{"attributes":{"FID":249,"OBJECTID":204,"NAME":"Ghf. Sternalm","SEEHOEHE":1505,"URL_INTERN":" ","URL_EXTERN":" ","POI_TYP":27,"LAND":"Tirol","BILDUNG":0,"JARPRO15":1},"geometry":{"x":182745.29710000008,"y":189271.91279999912}},{"attributes":{"FID":250,"OBJECTID":208,"NAME":"Gondelbahn Zettersfeld","SEEHOEHE":0,"URL_INTERN":" ","URL_EXTERN":" ","POI_TYP":24,"LAND":"Tirol","BILDUNG":0,"JARPRO15":1},"geometry":{"x":186415.16139999963,"y":192254.17109999992}},{"attributes":{"FID":251,"OBJECTID":219,"NAME":"Aussichtspunkt Steinermandl","SEEHOEHE":0,"URL_INTERN":" ","URL_EXTERN":" ","POI_TYP":37,"LAND":"Tirol","BILDUNG":0,"JARPRO15":1},"geometry":{"x":187442.76860000007,"y":195830.04930000007}},{"attributes":{"FID":252,"OBJECTID":234,"NAME":"Waldhuberkaser","SEEHOEHE":2002,"URL_INTERN":" ","URL_EXTERN":" ","POI_TYP":27,"LAND":"Tirol","BILDUNG":0,"JARPRO15":1},"geometry":{"x":175023.72119999956,"y":190660.9553999994}},{"attributes":{"FID":253,"OBJECTID":237,"NAME":"Mountainbikeroute Grünalmtal","SEEHOEHE":0,"URL_INTERN":" ","URL_EXTERN":" ","POI_TYP":32,"LAND":"Tirol","BILDUNG":0,"JARPRO15":1},"geometry":{"x":168979.32330000028,"y":200266.84919999912}},{"attributes":{"FID":254,"OBJECTID":589,"NAME":"Schleierfall","SEEHOEHE":0,"URL_INTERN":" ","URL_EXTERN":" ","POI_TYP":33,"LAND":"Tirol","BILDUNG":0,"JARPRO15":1},"geometry":{"x":161904.61490000039,"y":223789.35659999959}},{"attributes":{"FID":255,"OBJECTID":597,"NAME":"Jausenstation Jagdhausalm","SEEHOEHE":0,"URL_INTERN":" ","URL_EXTERN":" ","POI_TYP":27,"LAND":"Tirol","BILDUNG":0,"JARPRO15":1},"geometry":{"x":139320.80030000024,"y":205971.67400000058}},{"attributes":{"FID":256,"OBJECTID":601,"NAME":"Mountainbikeroute Zettersfeldrunde","SEEHOEHE":0,"URL_INTERN":" ","URL_EXTERN":" ","POI_TYP":32,"LAND":"Tirol","BILDUNG":0,"JARPRO15":1},"geometry":{"x":188474.78249999974,"y":193446.93649999984}},{"attributes":{"FID":257,"OBJECTID":602,"NAME":"Wasserfall","SEEHOEHE":0,"URL_INTERN":" ","URL_EXTERN":" ","POI_TYP":33,"LAND":"Tirol","BILDUNG":0,"JARPRO15":1},"geometry":{"x":186122.97350000031,"y":200151.17850000039}},{"attributes":{"FID":258,"OBJECTID":2543,"NAME":"TVB Infobüro Virgen","SEEHOEHE":0,"URL_INTERN":"http://www.osttirol.com","URL_EXTERN":"http://www.osttirol.com","POI_TYP":40,"LAND":"Tirol","BILDUNG":0,"JARPRO15":1},"geometry":{"x":161577.79530000035,"y":209307.9793999996}},{"attributes":{"FID":259,"OBJECTID":2846,"NAME":"Ausstellung \"Wege ins Freie\" (Alpenverein)","SEEHOEHE":0,"URL_INTERN":" ","URL_EXTERN":" ","POI_TYP":31,"LAND":"Tirol","BILDUNG":0,"JARPRO15":0},"geometry":{"x":167947.31170000043,"y":209270.91520000063}}]}